{"min": [0.0, 0.0, 0.0, 0.0, 0.0, 0.0, 0.078, 21.0], "scale": [0.058823529411764705, 0.005025125628140704, 0.00819672131147541, 0.015873015873015872, 0.001182033096926714, 0.01490312965722802, 0.4269854824935952, 0.016666666666666666]}